P1_main,P2_main,P3_main,P4_main,P5_main,P6_main,P1_proba_postflop,P2_proba_postflop,P3_proba_postflop,P4_proba_postflop,P5_proba_postflop,P6_proba_postflop,P1_proba_board_complet,P2_proba_board_complet,P3_proba_board_complet,P4_proba_board_complet,P5_proba_board_complet,P6_proba_board_complet
QH 6C,9D 7H,KC QD,AC TD,JD 6H,4D JS,12.5,49.0,9.33,15.0,9.5,4.67,100.0,0.0,0.0,0.0,0.0,0.0
AC QC,JC 7S,4H 8D,7C 8H,6D 8C,TS 3D,81.0,1.0,2.0,5.0,9.33,1.67,100.0,0.0,0.0,0.0,0.0,0.0
9D 7D,8C QS,9S KC,QC 4C,QD 6S,2D 9C,14.33,11.33,18.67,7.33,47.67,0.67,100.0,0.0,0.0,0.0,0.0,0.0
5S 5H,2S 6S,9D KS,KD 2H,4S 8H,7H QC,20.33,14.33,22.0,6.0,21.0,16.33,0.0,0.0,100.0,0.0,0.0,0.0
3H KC,JH 4C,5H 2C,8H 8D,9H TS,7C 8C,9.33,17.67,13.67,20.0,19.67,19.67,0.0,0.0,0.0,0.0,100.0,0.0
8H 4S,7D 2S,TD AD,8C 6H,KC AS,6D QS,7.33,0.67,25.33,9.17,26.33,31.17,0.0,0.0,0.0,0.0,100.0,0.0
JH QS,3S KH,3D 4H,6S 5H,2D 7D,3H JD,69.44,11.44,3.11,1.78,6.44,7.78,100.0,0.0,0.0,0.0,0.0,0.0
AD QD,2H 4S,5C 4D,9S KH,2S QH,QS TS,19.33,2.0,38.0,5.33,26.67,8.67,0.0,0.0,100.0,0.0,0.0,0.0
AH 4C,6D AS,QS 7D,TC TH,6C 5C,9S 4S,6.0,4.67,14.33,64.0,8.67,2.33,0.0,0.0,0.0,100.0,0.0,0.0
KH 8C,TD QD,7C JC,2D KD,JS AH,2C AC,7.67,7.67,69.67,3.67,10.67,0.67,0.0,0.0,0.0,0.0,100.0,0.0
2D 7C,7S JD,TD 8H,2S 8C,3C 9S,QH 2H,2.72,21.61,17.44,2.89,23.94,31.39,0.0,0.0,0.0,0.0,0.0,100.0
AS JH,8C 3D,5C 3S,9C 3C,8S QC,7C 6S,22.78,0.94,0.11,2.11,16.94,57.11,100.0,0.0,0.0,0.0,0.0,0.0
6S 7C,3C KD,7S JS,2H JH,2C 8D,6H 7D,7.33,12.72,21.5,8.06,43.06,7.33,0.0,0.0,0.0,50.0,50.0,0.0
9C AS,6S 6C,KC 7S,8C 3S,JC 9S,3H 8H,13.67,10.0,21.67,0.33,44.67,9.67,0.0,0.0,0.0,0.0,100.0,0.0
AH 9D,7H KC,4D 7C,9C JH,QH 9H,8C 2C,8.11,1.0,2.33,13.44,16.78,58.33,100.0,0.0,0.0,0.0,0.0,0.0
5S 5D,2D 2H,KC 4H,QD JH,TS 3S,KH AC,22.72,11.06,0.72,25.39,13.72,26.39,0.0,0.0,0.0,0.0,0.0,100.0
6C 9C,6S QS,2D 4D,4S KS,AD AH,QC QH,22.17,2.17,12.33,12.0,48.67,2.67,0.0,0.0,0.0,100.0,0.0,0.0
3H 7D,JC 8C,AH KC,QC 7H,3D 9S,JS 6H,17.17,10.67,16.0,32.17,2.33,21.67,100.0,0.0,0.0,0.0,0.0,0.0
5C AD,7C 3C,9H 3H,7S KH,3S TH,3D 8S,19.0,0.67,15.67,61.67,2.67,0.33,0.0,0.0,100.0,0.0,0.0,0.0
5S 5H,7C AH,QS KS,TC AC,JH AD,QH 7D,7.0,0.28,55.33,0.78,36.44,0.17,0.0,0.0,0.0,0.0,100.0,0.0
KC TS,QS JS,7C 2C,TD 5H,5C 9H,7S 6D,4.33,27.0,55.33,1.0,2.67,9.67,0.0,0.0,100.0,0.0,0.0,0.0
2H TH,5H 3H,AC AS,8C 7C,6D 4H,5D TC,43.83,0.67,50.67,3.0,0.33,1.5,100.0,0.0,0.0,0.0,0.0,0.0
TH JC,AD JD,9S 9H,7S QC,KC 8D,QS 8H,9.33,51.67,4.67,1.5,32.17,0.67,100.0,0.0,0.0,0.0,0.0,0.0
8D TS,AH 4H,AC 5C,5S 4C,2H QH,QD AD,15.0,2.11,31.44,4.33,0.33,46.78,0.0,0.0,100.0,0.0,0.0,0.0
AH 4S,TC 2H,4D 5S,TD 6H,KH AC,AS 7C,1.67,4.17,13.67,56.17,19.33,5.0,0.0,50.0,0.0,50.0,0.0,0.0
TC 7S,8H 4H,KD 2D,6H 5H,5D 9S,TH KH,3.33,3.67,3.67,77.33,9.33,2.67,0.0,0.0,0.0,100.0,0.0,0.0
3H 7S,6H 5S,8C 7H,8S 3C,AD 3S,QD 9D,3.17,18.0,10.5,2.0,60.33,6.0,0.0,100.0,0.0,0.0,0.0,0.0
2D 3D,7C 3H,TC 5C,4D AC,2S 2C,7D JD,0.0,5.67,4.33,2.67,5.0,82.33,0.0,0.0,0.0,0.0,0.0,100.0
2H 9H,QH 4S,KH 7H,JD 6H,9S 2S,QD TC,1.0,2.83,38.33,5.0,1.0,51.83,0.0,0.0,100.0,0.0,0.0,0.0
8C KC,8S AC,6C 3D,AH JH,7D 7C,QS 7H,0.0,0.0,0.67,0.0,68.33,31.0,0.0,0.0,0.0,0.0,100.0,0.0
KH 8S,8C 9C,5H 9D,TS JC,9H QD,5S QS,46.0,6.0,0.67,8.0,1.0,38.33,100.0,0.0,0.0,0.0,0.0,0.0
AS QC,8H 7H,KC 6D,KD TH,AD 4S,2H 5S,53.67,27.67,3.17,13.83,1.0,0.67,0.0,100.0,0.0,0.0,0.0,0.0
3H 5S,KD QD,7D 4C,JC KC,TC JD,4H KH,8.67,68.56,0.33,7.56,11.67,3.22,0.0,100.0,0.0,0.0,0.0,0.0
AC KH,5H 6H,2C 7H,6D 9H,8C TS,AD TH,20.0,6.67,2.0,36.67,29.5,5.17,0.0,0.0,0.0,0.0,100.0,0.0
8H 9D,9S 8C,KC JC,7H 5S,2S AD,AS 8S,1.0,1.0,66.0,4.0,3.33,24.67,0.0,0.0,0.0,0.0,50.0,50.0
9S JD,8D 4H,7S TH,AC KD,3C 3H,8S 8H,13.0,9.67,11.33,22.67,25.0,18.33,0.0,0.0,0.0,0.0,100.0,0.0
8D JH,KS 4H,3S 9S,7S AD,2D 2C,8S TS,24.17,8.33,15.33,10.0,8.33,33.83,100.0,0.0,0.0,0.0,0.0,0.0
3S KH,AH 5C,2D 5D,8S 9D,4D 5S,2C TC,9.33,50.33,1.5,26.0,2.0,10.83,0.0,100.0,0.0,0.0,0.0,0.0
JD 9S,4D 3S,2H AC,4S KC,5C 8D,AH QS,15.33,31.33,5.83,7.67,3.67,36.17,0.0,100.0,0.0,0.0,0.0,0.0
6S 8D,JD 7D,TC 9S,6C 5S,3C TD,2D 2C,1.17,1.0,4.67,2.5,1.67,89.0,0.0,0.0,0.0,0.0,0.0,100.0
6S 5H,3D QS,4H 4C,KC 4D,2C 9S,6C 5D,10.17,14.33,36.0,18.33,11.0,10.17,0.0,0.0,0.0,100.0,0.0,0.0
9D TC,JS 7D,5S QH,4D 6D,AC JH,9H 8C,13.33,8.0,23.67,14.33,22.0,18.67,100.0,0.0,0.0,0.0,0.0,0.0
4S 3S,TC 2S,6H 3H,KH 6D,4H 2H,9S 5D,29.94,27.28,0.61,25.94,0.61,15.61,0.0,0.0,0.0,100.0,0.0,0.0
4H 5H,3H JS,QC JH,2S QS,6C 7S,TS 6D,8.33,22.5,62.17,1.0,2.5,3.5,0.0,0.0,100.0,0.0,0.0,0.0
KD JD,7C QD,5H TC,JS AC,8D AH,6H TS,5.67,7.0,6.33,55.33,8.67,17.0,0.0,0.0,0.0,0.0,100.0,0.0
KC QC,2H 5D,9D 5H,7H QH,8D KH,3S 4S,13.67,14.33,12.0,8.67,8.67,42.67,0.0,0.0,0.0,0.0,0.0,100.0
AC 8S,2H TC,5D AH,6C JS,7C 4S,QD QS,72.67,0.33,0.33,4.0,14.33,8.33,100.0,0.0,0.0,0.0,0.0,0.0
KC 4C,8C 5C,TS 2D,7C QD,6S 4S,AD 6D,21.89,2.22,20.56,15.56,0.22,39.56,0.0,0.0,100.0,0.0,0.0,0.0
2D AS,6H 7D,8H 8C,QC JD,9C KD,9S 3H,0.0,88.67,5.0,2.67,0.0,3.67,0.0,100.0,0.0,0.0,0.0,0.0
8S AH,3H 2D,AC 6S,2H TS,AD 3C,KH 9D,1.67,10.67,9.67,19.17,1.17,57.67,0.0,0.0,0.0,0.0,0.0,100.0
6S 5D,6D 9D,6C JC,8H QH,AD 2H,7S JS,1.33,3.33,11.5,48.0,13.0,22.83,0.0,0.0,0.0,100.0,0.0,0.0
2H AH,4D KC,TH 3D,6S AS,3H 2C,8H 7C,29.83,34.33,14.33,6.5,0.33,14.67,100.0,0.0,0.0,0.0,0.0,0.0
5S JC,8H KS,8D 4D,AH 3D,2C 3S,KC 5D,32.67,40.83,11.83,10.33,1.67,2.67,100.0,0.0,0.0,0.0,0.0,0.0
6C TS,3H QC,6H TD,4D 9D,5H 4C,7S TH,5.44,17.0,5.44,13.0,8.67,50.44,0.0,100.0,0.0,0.0,0.0,0.0
4H 2H,7H 9C,3S 2D,6D QC,7S 2S,AS 5H,7.67,17.33,0.33,67.67,3.33,3.67,0.0,0.0,0.0,100.0,0.0,0.0
8H 7D,AS 2D,2H KS,5S KH,QS QH,5C AC,2.06,8.22,4.56,4.56,72.39,8.22,0.0,0.0,0.0,0.0,100.0,0.0
4C KS,TH JS,7H 9D,6D 6C,3D KH,KD 5C,0.89,43.67,42.67,8.0,0.89,3.89,0.0,100.0,0.0,0.0,0.0,0.0
QC 2S,3D 9D,AS 3C,4C QS,3S 6C,2D 8H,7.33,36.83,45.83,8.33,1.17,0.5,0.0,0.0,100.0,0.0,0.0,0.0
9S 3C,JC JS,4H AD,AS 6H,2D TD,7H KH,2.33,48.33,3.33,10.67,22.0,13.33,0.0,100.0,0.0,0.0,0.0,0.0
8H 3D,3S 9D,AD 4H,4C 3C,5D TC,2C JD,8.33,48.67,14.33,3.67,12.0,13.0,0.0,100.0,0.0,0.0,0.0,0.0
AH 9C,2S AC,9H 7D,2D TH,JS 8H,3D 2H,0.33,1.0,15.0,0.33,81.33,2.0,0.0,0.0,0.0,0.0,100.0,0.0
8C 4C,AD 3C,KS 6C,AC QS,5D 6D,QC 3H,14.0,17.67,42.0,7.67,13.0,5.67,0.0,0.0,100.0,0.0,0.0,0.0
4C AC,8S 2D,6C 3C,7C JS,4H 5S,8D 9C,11.67,2.83,3.33,24.0,3.67,54.5,0.0,0.0,0.0,0.0,0.0,100.0
8C AD,5C 5D,QH 4H,7C 7D,KD 9H,2S AS,48.83,5.67,5.67,26.33,12.33,1.17,50.0,0.0,0.0,0.0,0.0,50.0
9D 7H,KS 4C,2C 3S,TD QH,KC AH,JH 7D,27.83,4.0,21.33,14.67,22.0,10.17,100.0,0.0,0.0,0.0,0.0,0.0
QS 4S,KD 2D,7H 3D,5H 7S,QC KC,QH JD,0.0,0.0,14.17,1.83,84.0,0.0,0.0,0.0,0.0,0.0,100.0,0.0
AD 3H,KS QC,2H 5S,8D TS,4S 4H,9S 2C,13.33,39.33,0.33,21.0,11.0,15.0,0.0,0.0,0.0,100.0,0.0,0.0
8C 4S,6H AH,2C TS,QH 4C,AD JD,5H AC,11.89,0.89,39.89,36.89,9.89,0.56,0.0,0.0,100.0,0.0,0.0,0.0
8H 4C,3H 6D,KH KC,8S JC,5C 2D,KD QD,1.83,2.67,51.83,3.83,8.33,31.5,0.0,0.0,0.0,0.0,0.0,100.0
3H QS,QH 3S,9H 8D,4C 7D,QD TH,KC 2C,1.11,4.78,29.0,42.67,15.11,7.33,0.0,0.0,0.0,0.0,100.0,0.0
JH 5C,AS TS,QC 8C,2S 6H,9C 6D,2D 4C,3.0,66.67,21.33,0.0,7.67,1.33,0.0,100.0,0.0,0.0,0.0,0.0
3S 8D,5S 6D,2D AS,3D 5C,JD 6H,2H 7C,56.39,2.22,23.22,0.06,15.22,2.89,0.0,0.0,0.0,0.0,100.0,0.0
6C 3C,KH 4C,JS AD,JC 3D,6S 4S,8H 5H,0.83,3.67,84.5,2.17,4.83,4.0,0.0,0.0,0.0,0.0,100.0,0.0
5D 4H,4C TD,9H 7D,3H 7S,9C TS,4S KS,0.22,7.72,5.06,0.22,12.22,74.56,0.0,0.0,0.0,0.0,0.0,100.0
TD AS,KS 9D,3D TS,JS 5C,7C 9C,JC 3C,41.44,18.28,1.78,13.61,14.61,10.28,100.0,0.0,0.0,0.0,0.0,0.0
QD 5H,TC 8S,7C 8C,JS 6D,9C 2D,AH 8H,5.0,2.0,4.0,88.67,0.0,0.33,0.0,0.0,0.0,100.0,0.0,0.0
8H 7H,2S 7D,TD 9S,KS 5H,3S 8C,8S 3H,39.56,9.11,17.44,25.78,4.06,4.06,0.0,0.0,100.0,0.0,0.0,0.0
8S 2C,2S 8D,QH 9D,6D 4D,KC 5D,3D KH,5.33,5.33,23.67,24.67,37.5,3.5,0.0,0.0,0.0,0.0,100.0,0.0
QS 9C,QD 6S,KH 4D,TH JC,AS 7D,8S 2S,9.0,14.67,16.67,18.0,21.67,20.0,0.0,0.0,100.0,0.0,0.0,0.0
8H 9H,9C 8C,6S AC,4S JS,3C 3H,TC 5S,38.67,2.67,39.33,10.0,8.0,1.33,100.0,0.0,0.0,0.0,0.0,0.0
6H JS,JD KH,JC KD,6C AS,2H QD,5S 9C,0.0,1.0,1.0,0.0,0.0,98.0,0.0,0.0,0.0,0.0,0.0,100.0
7C TD,7H TC,JS 2H,7D 9D,6D 7S,2C 8S,5.67,2.67,27.17,38.67,11.33,14.5,0.0,0.0,0.0,0.0,100.0,0.0
7D 3D,KD 3C,AS AH,2C 4H,8H JD,6C 7C,4.0,0.0,12.67,13.0,0.67,69.67,0.0,0.0,0.0,100.0,0.0,0.0
JH QD,QS AS,8S 7D,2D 9H,3H QH,5H 5C,80.67,3.67,1.33,0.0,0.0,14.33,0.0,0.0,0.0,0.0,0.0,100.0
8S 7C,9H KS,3C QC,4S 4C,KH 2S,3D JS,46.0,17.0,6.67,10.33,2.0,18.0,100.0,0.0,0.0,0.0,0.0,0.0
2C 4D,3H 5C,7H 9C,9D TS,8D JS,AS JC,88.17,1.17,4.5,2.83,0.83,2.5,100.0,0.0,0.0,0.0,0.0,0.0
3C AC,AD 5C,AH TC,8H 9H,2D KC,7D 3H,3.33,15.0,2.0,31.67,3.0,45.0,0.0,0.0,0.0,0.0,0.0,100.0
2C 8H,2S TC,8S 5C,JS 7H,4C 3H,9C 8C,10.28,20.5,3.11,23.67,29.67,12.78,50.0,50.0,0.0,0.0,0.0,0.0
7H 6S,8H AD,QS 9C,7S 2D,JH AC,KS 9S,16.83,43.0,11.0,2.5,9.0,17.67,0.0,0.0,100.0,0.0,0.0,0.0
QD AD,KD JS,6H TC,6D QC,TH 4H,KH JD,46.67,16.0,10.0,5.67,13.67,8.0,0.0,100.0,0.0,0.0,0.0,0.0
5H 4D,JC KS,QC 5S,AD 6D,2H 6C,3S 9S,20.5,5.67,6.5,37.0,6.67,23.67,0.0,100.0,0.0,0.0,0.0,0.0
TD 9C,AC 6H,7S QC,7H 8D,JH 5D,8C 7D,2.67,65.0,0.56,6.56,18.67,6.56,0.0,0.0,0.0,50.0,0.0,50.0
QS 4S,4D 6H,KS 3D,4C AD,2D QC,JH KC,23.0,7.33,4.67,9.0,29.33,26.67,50.0,0.0,0.0,0.0,50.0,0.0
7C QC,3H KH,9D 6S,TS 7H,AS 4H,6H 8H,47.67,7.33,17.0,11.0,7.0,10.0,100.0,0.0,0.0,0.0,0.0,0.0
AD 8H,6H 4C,2D 7C,QS 6D,TD QD,2H 3H,13.33,24.67,5.17,3.0,44.33,9.5,0.0,100.0,0.0,0.0,0.0,0.0
5H 3C,AS KS,JS 5D,2C AD,KD QC,7H TD,5.0,4.67,0.0,0.33,90.0,0.0,0.0,0.0,0.0,0.0,100.0,0.0
AC KH,6H 5H,6D 4D,5D 8H,9S QC,JH 4H,18.0,8.5,21.17,9.67,33.33,9.33,100.0,0.0,0.0,0.0,0.0,0.0
QS 2C,6S TS,9C 8S,4D 7D,5D AS,KH 6D,21.33,9.0,33.33,1.67,13.67,21.0,0.0,0.0,100.0,0.0,0.0,0.0
TS KS,2C TD,QS KC,6C JD,TH 2H,6D 3S,0.06,0.06,1.06,0.22,27.06,71.56,0.0,0.0,0.0,0.0,100.0,0.0
8H KH,2H 9H,AC AH,4H 2S,8D JH,6C TH,0.67,2.0,35.67,28.0,13.0,20.67,100.0,0.0,0.0,0.0,0.0,0.0
QH 6H,KH JC,7H 8D,5C 2H,2D QC,KC 7D,3.33,17.0,32.5,16.5,24.83,5.83,0.0,100.0,0.0,0.0,0.0,0.0
9C KD,9H JS,KC AH,9S 8D,4S KH,3C 5H,0.44,16.44,1.67,81.44,0.0,0.0,0.0,0.0,0.0,100.0,0.0,0.0
AH AS,KD 7H,5S AD,4D 8C,KH AC,3C 9H,0.0,0.17,0.0,0.0,0.17,99.67,0.0,0.0,0.0,0.0,0.0,100.0
6H 8C,5D 2S,3H 6D,6C QC,TC 7C,7H 4D,5.17,3.5,3.83,32.5,54.83,0.17,0.0,0.0,100.0,0.0,0.0,0.0
5H 9S,4S 3S,7C 8C,7H 8S,9D KS,TD 4D,23.28,4.11,46.44,6.78,12.28,7.11,0.0,0.0,100.0,0.0,0.0,0.0
JC 5C,5D 8C,6C 7C,7H KD,3C 3H,QH TS,28.67,20.0,7.0,15.33,9.67,19.33,0.0,100.0,0.0,0.0,0.0,0.0
KD KC,QH 6S,3H 6C,TS AD,JH 5H,5C 9D,6.67,15.0,1.67,70.33,2.67,3.67,0.0,0.0,0.0,100.0,0.0,0.0
4H 6D,3C 2D,5D 9C,4D JD,KH TS,TH AH,12.5,10.33,60.0,5.83,9.33,2.0,0.0,0.0,100.0,0.0,0.0,0.0
KC TC,TD AH,9C QD,JD 4D,7S QH,7C QS,43.83,36.83,11.33,1.0,3.5,3.5,100.0,0.0,0.0,0.0,0.0,0.0
AH 8D,8H 6H,QC 4S,AS KD,5S KH,4D TC,2.17,92.67,2.67,1.83,0.0,0.67,0.0,100.0,0.0,0.0,0.0,0.0
8H QS,5H 3H,9C JS,4D 6D,6S 5C,QC 8S,11.5,1.17,19.33,46.5,10.0,11.5,0.0,0.0,100.0,0.0,0.0,0.0
5C 8C,KS 3H,QC 7C,5H 9S,9D JH,QS JD,24.94,41.61,2.44,7.11,7.78,16.11,0.0,100.0,0.0,0.0,0.0,0.0
KD 8S,TS 3D,6C 9S,2H 3C,4D 2D,JD 5D,13.67,14.33,22.0,1.67,2.67,45.67,0.0,0.0,0.0,0.0,0.0,100.0
5D 2D,8D 5S,QS QC,TS 3S,4D 3C,5H KS,22.44,12.78,10.0,12.67,31.0,11.11,33.33,33.33,0.0,0.0,0.0,33.33
9H 4D,JH 3C,2H 3H,5S 8H,KH 8S,KS TS,6.33,66.67,0.0,0.0,1.5,25.5,0.0,100.0,0.0,0.0,0.0,0.0
9C 8H,KS 8D,KH JS,JD 9S,5H 7S,AD AC,6.5,1.67,22.83,10.67,3.67,54.67,0.0,0.0,0.0,0.0,0.0,100.0
4S 3S,TS 7H,JD QS,AD 7D,AS 6S,JS KC,22.0,6.0,5.0,52.33,7.0,7.67,100.0,0.0,0.0,0.0,0.0,0.0
TH JS,3S 3C,QH JC,KS KC,9C 5H,4D KH,0.67,11.67,17.0,44.33,18.0,8.33,0.0,0.0,100.0,0.0,0.0,0.0
6C 5H,TD 5S,TS 7H,8H 3H,9C 6D,JS 8D,1.28,0.28,55.94,8.28,13.94,20.28,0.0,0.0,0.0,0.0,100.0,0.0
JD 8C,AS 2D,7D 5S,7C JS,3C 5H,TH TS,0.33,9.33,4.67,0.17,75.17,10.33,0.0,0.0,0.0,0.0,100.0,0.0
9S 3C,2C 3S,6D TD,9H 9C,2H 5H,JD AC,1.5,2.33,11.33,30.83,37.67,16.33,0.0,0.0,0.0,100.0,0.0,0.0
TD JS,8S 8D,3C JH,AS 9C,2D JC,2H 9D,14.33,51.33,3.33,16.67,7.5,6.83,0.0,100.0,0.0,0.0,0.0,0.0
8S 3C,TH 5C,AD 2D,6C 9C,JS JD,5D JH,3.33,2.67,10.67,24.33,58.33,0.67,0.0,0.0,0.0,0.0,100.0,0.0
3D 6D,8D 3C,9S QH,QS 6C,6H 4H,2C JS,10.11,15.22,33.22,10.44,11.11,19.89,100.0,0.0,0.0,0.0,0.0,0.0
AC 6D,QC 6S,5H TC,3H 7S,5C 3C,2H 6C,19.56,50.89,14.5,6.33,1.83,6.89,0.0,0.0,0.0,100.0,0.0,0.0
JS TD,6H 9C,JD 7C,TH 8S,8H AS,AD 7H,63.33,9.67,10.83,1.33,13.83,1.0,100.0,0.0,0.0,0.0,0.0,0.0
KD JS,5H QC,7D 4H,TH 4S,2C AC,8C 8H,5.61,0.61,16.28,0.61,15.94,60.94,0.0,0.0,0.0,0.0,100.0,0.0
QH 3H,KD JH,6D TD,5D 5C,7D QS,6H 7C,5.0,69.67,4.0,10.67,3.0,7.67,0.0,100.0,0.0,0.0,0.0,0.0
QH 5C,8D 5D,QS 9D,9C 3C,2D 8C,5H TD,9.17,33.33,21.22,7.06,15.22,14.0,0.0,0.0,0.0,100.0,0.0,0.0
QD 3D,4D JC,9D 5S,3C JS,4C 6H,TH 5H,20.33,9.17,0.67,56.17,9.67,4.0,0.0,0.0,0.0,100.0,0.0,0.0
KH 2D,KD 6D,4C 2H,5S 2S,7D 6H,8H AC,17.83,58.83,0.17,5.17,1.83,16.17,0.0,0.0,0.0,100.0,0.0,0.0
3H 8D,9S AS,4H 6C,8C 3S,5D 8S,7S KC,35.72,17.22,1.89,0.39,0.89,43.89,100.0,0.0,0.0,0.0,0.0,0.0
4D 6S,QC 6H,3H JD,6D 5H,7D 7C,2D JH,3.0,12.0,21.5,4.33,56.67,2.5,0.0,0.0,0.0,0.0,100.0,0.0
9D TH,7H JH,7D AH,KS QH,TD QC,3S 7C,6.44,21.11,31.44,16.11,3.44,21.44,0.0,33.33,33.33,0.0,0.0,33.33
6H 4D,JH 6C,5D 9C,JC 9S,KD 3D,5H 7H,9.83,3.83,6.67,11.83,48.0,19.83,0.0,0.0,0.0,0.0,100.0,0.0
AC TD,QH AH,7C 6H,8D 8H,4H 5S,4D 7D,11.67,13.67,15.83,20.0,15.17,23.67,100.0,0.0,0.0,0.0,0.0,0.0
KD QD,2H 2C,KS TS,JH AD,3C TH,7S KC,58.33,2.67,0.0,33.0,6.0,0.0,100.0,0.0,0.0,0.0,0.0,0.0
9C JH,5H 2S,AS 6H,AD 8C,9H 7C,7H TD,4.83,2.33,4.5,63.17,20.33,4.83,0.0,0.0,0.0,100.0,0.0,0.0
9S 2H,8S 2S,3C 4S,QH AC,9C 6S,2C 5C,1.83,4.33,0.0,0.33,6.17,87.33,0.0,0.0,0.0,0.0,0.0,100.0
TS JD,6D 7C,AD 8H,9H 9S,6C QH,5S TD,14.39,12.72,0.39,53.06,6.72,12.72,0.0,0.0,0.0,100.0,0.0,0.0
3C 8D,6H 3D,3H 8S,2C 7D,JD 4H,QH QS,1.17,2.33,1.17,60.33,5.67,29.33,0.0,0.0,0.0,0.0,0.0,100.0
8D 9H,KH TC,6H 4C,8C 9D,6C 3S,5C QH,4.72,10.39,26.89,9.39,23.89,24.72,50.0,0.0,0.0,50.0,0.0,0.0
JS TS,6D AC,AH QS,JC 8C,4D 4S,7C 2C,12.06,1.06,59.06,18.72,9.06,0.06,0.0,0.0,100.0,0.0,0.0,0.0
KC AS,KD 4C,TC QS,2H TH,KS 3S,TD 4S,34.0,4.0,11.11,11.11,37.67,2.11,0.0,0.0,0.0,0.0,100.0,0.0
8C 6C,AD 9C,TD 8S,AH TS,7H 6S,8D KC,81.44,0.0,5.78,3.67,6.33,2.78,100.0,0.0,0.0,0.0,0.0,0.0
2C AS,AC 5D,QD TD,QS 8H,KS 6D,2D 8D,16.83,19.0,3.33,0.67,59.0,1.17,0.0,0.0,0.0,0.0,100.0,0.0
3S 3C,KH 9D,TD JS,7S 9C,5H 6H,7H QH,7.67,12.83,43.33,21.5,1.0,13.67,100.0,0.0,0.0,0.0,0.0,0.0
5S 3D,KH 2C,7C QS,TC QD,6D 4H,KS 9H,5.33,1.17,11.83,31.17,39.0,11.5,0.0,0.0,0.0,0.0,100.0,0.0
AH 5S,AC 5D,TC QD,TD 6C,QH 7H,2C 4S,10.89,10.89,19.06,13.39,13.06,32.72,50.0,50.0,0.0,0.0,0.0,0.0
JS TD,QC AH,2H 9H,QS 3S,4D 6H,QH 7S,14.33,2.67,15.0,27.67,34.0,6.33,0.0,0.0,0.0,0.0,100.0,0.0
KC 3C,4D 2C,2D AD,JH 9C,TH 2H,QS AC,26.0,0.33,43.83,9.0,9.67,11.17,0.0,0.0,100.0,0.0,0.0,0.0
TH 8C,3S 9S,7C 5D,QH 5S,7H 3D,AD TS,0.0,64.67,0.0,0.0,0.0,35.33,0.0,100.0,0.0,0.0,0.0,0.0
7H 6C,JC JH,KH 7D,3S JS,TH 8H,TD JD,1.67,30.67,8.0,15.33,20.33,24.0,0.0,0.0,0.0,0.0,100.0,0.0
JD JH,8H 9C,2H QS,4H 9D,5S 3S,2C 9S,52.0,12.0,14.33,1.0,20.0,0.67,100.0,0.0,0.0,0.0,0.0,0.0
3D 5D,QC JC,9D 6C,8D 8H,JD TD,AD JH,0.0,1.78,4.0,72.67,12.44,9.11,0.0,0.0,0.0,100.0,0.0,0.0
KD 8D,9H 5D,JS 5H,9S AD,7H QS,3C AH,4.67,3.5,2.83,22.17,2.33,64.5,0.0,0.0,0.0,0.0,0.0,100.0
2S 9C,KC AH,KD TH,5H 9S,TC 5D,7H 3S,3.67,76.5,9.33,1.33,6.17,3.0,0.0,0.0,100.0,0.0,0.0,0.0
9C QH,3S 2S,TS 3H,5D KD,AS 5H,KS KC,0.33,0.67,1.33,43.0,7.67,47.0,0.0,0.0,0.0,0.0,0.0,100.0
4D 2C,8D 3C,7C 8C,2S TS,7H 5H,9S 3H,0.67,0.0,0.0,0.0,96.67,2.67,0.0,0.0,0.0,0.0,100.0,0.0
4D 9D,AC AD,4C QC,JC 6H,AS KS,8S 3C,14.0,33.17,5.33,22.0,17.17,8.33,0.0,0.0,0.0,0.0,100.0,0.0
4H 8C,KC 4C,2D KH,JD JH,2S JS,TC 8H,6.0,92.0,0.0,2.0,0.0,0.0,0.0,100.0,0.0,0.0,0.0,0.0
4D 6D,2C 4C,9D 5C,JS 2S,TH QS,KH QC,36.67,5.67,6.0,10.33,8.5,32.83,0.0,0.0,100.0,0.0,0.0,0.0
QC TD,4C 3D,9S 7C,4D 8D,9D 6H,5C KD,12.33,16.5,6.0,36.5,4.67,24.0,0.0,0.0,0.0,0.0,0.0,100.0
6H AH,AS 7D,2C AD,9S JH,TS 2D,TH 9D,51.33,15.33,5.5,17.0,6.5,4.33,0.0,0.0,100.0,0.0,0.0,0.0
AH JC,8H 7S,5C 2D,9S AS,3H 4C,5S JH,75.0,3.67,9.17,3.33,8.0,0.83,100.0,0.0,0.0,0.0,0.0,0.0
4H 2S,TS QD,7H 5S,KS JS,JH 7D,2C KC,3.33,40.0,1.0,44.33,11.0,0.33,0.0,100.0,0.0,0.0,0.0,0.0
4S 6H,KC AC,2S QC,5H 6D,8S AD,8C KS,16.67,48.0,11.0,19.33,3.5,1.5,0.0,100.0,0.0,0.0,0.0,0.0
JS 6S,QS 4C,TC AD,KS KH,KC 9D,7D JC,2.33,19.67,22.0,50.0,2.0,4.0,0.0,0.0,0.0,100.0,0.0,0.0
QS 7H,KS JH,JS 4C,9D TC,AC 9C,5H 3S,29.0,54.67,1.67,11.17,1.5,2.0,0.0,100.0,0.0,0.0,0.0,0.0
6C 3H,4S 3D,4H 5S,8H 5C,7C 2S,QH 5D,16.0,5.83,3.67,13.17,16.83,44.5,0.0,0.0,0.0,100.0,0.0,0.0
5H 3S,5C 9D,TC 9H,8C AS,6D QC,4S 2C,32.67,49.67,5.67,0.33,11.67,0.0,50.0,50.0,0.0,0.0,0.0,0.0
AS 8H,8S 9C,4D KD,6D 6H,QH AH,6S 8C,0.0,1.67,17.33,4.17,75.67,1.17,0.0,0.0,0.0,0.0,100.0,0.0
5H TD,JS QH,QD 6C,AD 3D,9H 3C,AH 2H,9.0,26.33,10.67,6.83,41.33,5.83,0.0,100.0,0.0,0.0,0.0,0.0
2S 6S,9D 6C,9C 4D,8C 6H,QS JS,AH 3C,1.0,2.83,1.83,3.67,74.0,16.67,0.0,0.0,0.0,0.0,100.0,0.0
TC 8S,JS 8C,6C 2H,9S JC,8D 5H,2C KH,11.11,18.28,2.67,52.5,0.78,14.67,0.0,50.0,0.0,50.0,0.0,0.0
AH 3C,KH TD,QH 7S,7C 8D,QD 5D,5H 9C,11.0,20.67,11.17,36.17,0.83,20.17,100.0,0.0,0.0,0.0,0.0,0.0
8S 6C,7S 8H,5C 3S,QC QH,TC 9S,6S 9D,7.0,6.0,21.33,54.67,7.67,3.33,0.0,0.0,0.0,100.0,0.0,0.0
9H QS,5S 7D,3H AC,4H JD,QD JS,8C 5H,6.0,4.0,14.0,2.33,4.67,69.0,0.0,0.0,0.0,0.0,0.0,100.0
3C 3H,AH 7D,8S 5S,TS 4S,JS QH,2C KS,10.0,6.0,48.0,8.67,2.67,24.67,0.0,0.0,0.0,100.0,0.0,0.0
5S 4D,9H 2D,JS 7S,6H QS,AC QD,5C 5H,0.0,17.33,63.33,19.0,0.0,0.33,0.0,0.0,100.0,0.0,0.0,0.0
QD 6S,4D 5H,3C 9D,TS KS,8H 5D,9S AS,13.33,30.0,7.0,22.33,9.67,17.67,0.0,100.0,0.0,0.0,0.0,0.0
7D 2S,8D 6D,QS JS,4D 4S,TH KH,2C 9H,5.0,52.67,13.33,15.33,9.67,4.0,0.0,0.0,100.0,0.0,0.0,0.0
2C 8D,KC 5D,AS 8C,6D JS,TH 7H,QC 7S,8.67,16.0,11.33,34.0,7.0,23.0,0.0,0.0,0.0,0.0,100.0,0.0
3C TS,QS 2D,7C 6H,4C QC,AC JC,9S TD,5.33,0.0,18.67,0.0,1.0,75.0,0.0,0.0,0.0,0.0,0.0,100.0
AH 3S,8C 6S,9C QD,4S TD,8H 7S,4H 2H,8.0,14.5,38.67,3.0,29.17,6.67,100.0,0.0,0.0,0.0,0.0,0.0
5C JC,KH 9H,3H TH,6D 5S,6C TC,8C 2D,8.33,23.0,1.0,60.0,3.67,4.0,0.0,100.0,0.0,0.0,0.0,0.0
5H KD,7H JC,KS 7S,4H JH,4S JS,4D KH,23.22,13.22,45.22,2.06,2.06,14.22,33.33,0.0,33.33,0.0,0.0,33.33
8C KC,QC 2D,TC JC,8S AH,6D 3C,5D KS,20.0,16.67,32.33,8.67,11.67,10.67,0.0,0.0,100.0,0.0,0.0,0.0
3C 5S,TS JS,4H QH,5H QD,KS AH,6H 4C,2.0,45.0,29.0,5.33,17.67,1.0,0.0,100.0,0.0,0.0,0.0,0.0
9S 7C,4C 8D,5H 6D,TC 3C,TS 4S,7D 9H,10.33,9.0,56.0,5.67,8.67,10.33,0.0,0.0,100.0,0.0,0.0,0.0
3C 4C,5H QD,8C JH,4D 2D,2H 3S,QH 3H,28.0,38.5,3.0,0.0,0.0,30.5,100.0,0.0,0.0,0.0,0.0,0.0
2D 4C,TH KC,TD 2C,7D 5C,KD 7H,9D 2S,7.0,33.67,1.83,8.17,1.67,47.67,0.0,0.0,0.0,0.0,0.0,100.0
3H 4S,4C 3C,KD 7D,TC 8D,7H TD,5S JC,7.0,13.33,69.67,3.67,1.33,5.0,0.0,0.0,100.0,0.0,0.0,0.0
KH AH,JS 8C,5D 3S,7D QH,8H 9C,AS 9S,46.17,3.33,22.0,18.0,5.67,4.83,100.0,0.0,0.0,0.0,0.0,0.0
6C QD,QC TH,3C QS,9S AS,AH 2S,4S JS,19.0,55.67,2.33,8.17,1.83,13.0,0.0,100.0,0.0,0.0,0.0,0.0
QD 3C,3S 2C,KC 8H,JC 2S,7H AH,8S JD,2.0,3.67,73.67,1.5,16.33,2.83,0.0,0.0,100.0,0.0,0.0,0.0
4H 6S,2H JD,5H TC,QS 3S,KC 5S,7C 4S,29.83,7.67,7.67,28.0,8.0,18.83,0.0,0.0,100.0,0.0,0.0,0.0
9C 5S,6C KS,QH AH,3D JD,TH 4C,2S 4D,97.0,0.33,1.33,0.67,0.67,0.0,100.0,0.0,0.0,0.0,0.0,0.0
7D 5S,4H 5C,KH 6S,TC 6D,6H 8S,KC AD,1.33,3.67,1.44,54.44,15.78,23.33,0.0,0.0,0.0,100.0,0.0,0.0
7H 8D,QH 5H,QS 9C,TH AH,TC 3D,TD 8C,12.5,15.0,13.67,39.67,8.67,10.5,0.0,0.0,0.0,0.0,100.0,0.0
6H 5S,9S 3H,8S AC,QS 9H,TD JH,6C KS,4.67,53.0,4.67,11.67,24.0,2.0,0.0,0.0,0.0,0.0,100.0,0.0
QD AS,5C AH,7H 4S,9D 4H,QH JD,6D QC,59.78,2.0,13.33,3.33,15.44,6.11,100.0,0.0,0.0,0.0,0.0,0.0
9H 5D,3H 3C,KH TS,QS 8D,4H QC,7C 8S,18.06,19.06,35.06,7.72,7.39,12.72,100.0,0.0,0.0,0.0,0.0,0.0
6D JD,QD QC,3S 6S,JH QS,9S 5C,AS TD,4.67,6.0,3.33,80.33,2.67,3.0,100.0,0.0,0.0,0.0,0.0,0.0
KD 5S,8D 4S,6H 2D,7S 5D,TD 5C,TH AD,10.78,18.44,31.11,26.11,5.44,8.11,0.0,0.0,0.0,100.0,0.0,0.0
AH KC,7H 6C,4D 9C,9D 3S,5C KD,3C 3H,37.67,49.33,3.83,1.83,3.67,3.67,0.0,100.0,0.0,0.0,0.0,0.0
TS 6S,AS 4D,4S QS,7H 5S,KC KD,2H QD,37.56,6.89,5.22,14.56,31.56,4.22,0.0,0.0,0.0,100.0,0.0,0.0
JH AS,KD 8C,TH 9C,3D 4D,JS 5S,6H 6D,9.5,2.33,55.0,18.33,6.17,8.67,0.0,0.0,100.0,0.0,0.0,0.0
4S 8S,2C 4D,JS 3S,9H 5S,6H 9C,AD 9S,14.17,13.17,9.0,40.22,14.56,8.89,0.0,0.0,0.0,100.0,0.0,0.0
KC 3C,2H 8C,JH 5H,8D QH,TD 7H,3S 8S,67.67,2.89,5.0,1.56,17.33,5.56,0.0,33.33,0.0,33.33,0.0,33.33
JH QS,7H 6C,TC AC,6D 7S,JC 3C,4S TD,39.67,13.17,6.67,13.17,10.0,17.33,0.0,50.0,0.0,50.0,0.0,0.0
5H KD,9H KS,6D 6S,9S JD,4S 3C,QD QS,14.33,2.83,11.33,5.5,26.33,39.67,0.0,0.0,100.0,0.0,0.0,0.0
4H 2H,8D JS,7D 6D,3D 7C,8H 9D,AH KD,54.0,7.0,16.0,2.67,4.0,16.33,100.0,0.0,0.0,0.0,0.0,0.0
AS 2S,2D 6S,TH KS,3C 7D,8C 5S,3D 8H,38.67,7.33,38.67,4.5,9.0,1.83,100.0,0.0,0.0,0.0,0.0,0.0
5S QH,2H 7H,9C 9D,TC JH,QC TS,4S JD,5.33,31.67,3.33,31.17,16.5,12.0,0.0,0.0,0.0,100.0,0.0,0.0
2H TH,JS 6H,AS 5S,6C JD,3D 9D,KC QH,34.33,0.5,10.0,0.5,6.0,48.67,0.0,0.0,0.0,0.0,0.0,100.0
6H 3D,9S QD,TC 8C,5H QS,3H AD,7H 2H,9.0,0.33,1.33,3.0,3.33,83.0,0.0,0.0,0.0,0.0,0.0,100.0
9D 9H,QC AS,8S 3D,4D 9C,7C QH,JS 8D,3.67,80.67,1.33,0.67,9.33,4.33,0.0,100.0,0.0,0.0,0.0,0.0
8D AS,AD 6D,5S 8S,3S JD,9C 6H,7H TH,2.0,5.83,0.5,5.67,34.67,51.33,0.0,0.0,0.0,0.0,0.0,100.0
KD 4C,TD AH,9S 2D,AD 2H,9C 6C,5H 7S,21.0,48.5,1.17,11.0,9.67,8.67,0.0,100.0,0.0,0.0,0.0,0.0
TD 2H,4S 8H,4C KC,3D 2C,TS 8S,QS 7C,0.0,11.67,7.0,28.0,35.33,18.0,0.0,0.0,0.0,0.0,100.0,0.0
4D 9C,TH 6C,TS KS,9H TC,6D 9S,AH TD,11.06,4.83,13.83,5.06,5.06,60.17,0.0,0.0,100.0,0.0,0.0,0.0
6S JC,9S 3H,3D 6H,3S JH,7C 4C,TD 7D,29.56,5.72,11.89,5.06,35.06,12.72,100.0,0.0,0.0,0.0,0.0,0.0
AD 6S,9C 2H,QD 5C,JC 7C,5S 8D,8H KH,20.0,41.33,7.67,15.33,1.5,14.17,0.0,100.0,0.0,0.0,0.0,0.0
7C 9C,7S 8C,5C 7D,3S 8H,6H 8S,6D JS,33.0,1.11,61.33,0.44,3.78,0.33,0.0,0.0,0.0,0.0,100.0,0.0
3C 6H,AC AS,5H 5D,4S QC,QH 9D,TD 7C,3.0,14.67,47.33,2.67,27.0,5.33,0.0,0.0,100.0,0.0,0.0,0.0
KC 7S,4H 3C,3S 2S,4D 9D,TD 2D,TC 8D,6.0,0.0,23.0,11.0,1.5,58.5,0.0,0.0,0.0,0.0,0.0,100.0
TC 9S,5S 8S,2C KC,9H AC,2D 6H,4D KH,6.67,38.0,0.0,50.0,2.0,3.33,0.0,0.0,0.0,100.0,0.0,0.0
QS TH,3D 4C,8C 3H,8S 3C,5S 4D,2S 7S,85.17,0.17,4.17,4.17,3.5,2.83,100.0,0.0,0.0,0.0,0.0,0.0
6H 8H,5S 2S,TS 5H,QC 4C,3S QD,6S 4D,60.56,8.39,5.39,9.72,11.39,4.56,16.67,16.67,16.67,16.67,16.67,16.67
QH TH,5H TC,2H QD,8C QS,2S 8D,9S 6S,13.5,1.5,2.0,48.33,0.33,34.33,0.0,0.0,0.0,100.0,0.0,0.0
9H TC,2S QD,9C 7S,5C JH,7C TD,3C 3S,3.0,3.67,0.5,6.33,0.5,86.0,0.0,0.0,0.0,0.0,0.0,100.0
AS 3C,KS 5H,8S QD,3H 7D,KH 8D,AC TD,24.83,27.67,8.67,14.83,11.33,12.67,100.0,0.0,0.0,0.0,0.0,0.0
2H 6H,TD AC,9H 8C,AS 6S,2C JS,JH JC,4.67,10.0,2.67,0.0,0.0,82.67,0.0,0.0,0.0,0.0,0.0,100.0
TS 8D,2H KC,2D AS,9D 3D,8S 6D,5C QH,26.83,5.83,12.83,24.67,12.5,17.33,0.0,0.0,0.0,0.0,0.0,100.0
5C 9C,2S TS,JC 2D,QS QD,9S 4C,2C 3H,2.83,3.0,5.33,80.67,2.83,5.33,0.0,0.0,0.0,100.0,0.0,0.0
JC 6D,8C 9H,JS 5S,QH 3H,2C TH,8D 9D,4.33,31.17,7.67,1.67,20.33,34.83,0.0,0.0,0.0,0.0,100.0,0.0
6D TH,AC KH,2H 8H,3H 5D,6H KS,7D 3S,9.72,81.22,2.72,1.06,3.22,2.06,0.0,100.0,0.0,0.0,0.0,0.0
3C 2S,TD 4C,KD TS,AH QD,9D 8D,9C 2D,2.0,40.67,14.0,6.0,32.0,5.33,100.0,0.0,0.0,0.0,0.0,0.0
2D 8C,QS 6D,9C KD,KC 4D,QD AH,JS TS,23.0,1.17,10.0,3.33,19.5,43.0,0.0,0.0,0.0,0.0,0.0,100.0
4C QC,5C 4S,2S 9C,3D AH,QS 3S,TS KH,34.67,21.83,1.67,10.67,4.17,27.0,0.0,0.0,100.0,0.0,0.0,0.0
KH 9D,4S 4D,5S 7C,5C KC,3H 5H,KS 7D,18.11,52.33,0.89,0.67,19.22,8.78,100.0,0.0,0.0,0.0,0.0,0.0
6C 6D,3D AD,9C 7H,6H 5H,9S 5S,4S 4H,64.0,0.33,7.0,23.33,3.33,2.0,100.0,0.0,0.0,0.0,0.0,0.0
KS 3S,7S KH,9H 8C,9C JH,QC 6S,AH 7C,1.33,2.33,17.17,38.17,36.0,5.0,0.0,0.0,100.0,0.0,0.0,0.0
5C 7C,QS 4H,QH 6S,TD AH,3H 7S,JD KS,5.67,6.0,5.33,58.33,0.67,24.0,0.0,0.0,0.0,100.0,0.0,0.0
3H AS,KS 2C,AD 3D,4C 9D,7H 9C,8D QS,39.33,4.33,39.33,2.0,10.33,4.67,50.0,0.0,50.0,0.0,0.0,0.0
KH 7H,6C 3C,5S 7D,8C 6S,QH JC,TS 9S,5.33,4.0,2.0,1.0,3.33,84.33,0.0,0.0,0.0,0.0,0.0,100.0
7C AS,JH 4H,3S 9C,TS 3D,2H TD,8H KS,17.33,59.67,6.33,0.83,1.17,14.67,0.0,100.0,0.0,0.0,0.0,0.0
5D QD,TC 4H,TH 2C,9S 5C,6D 3D,KD 8S,4.11,2.11,2.11,86.44,0.11,5.11,0.0,0.0,0.0,100.0,0.0,0.0
9D KS,7C 8D,2D 6H,TS JC,3D 5D,4D 7S,7.33,4.83,4.0,53.33,24.33,6.17,0.0,0.0,0.0,100.0,0.0,0.0
QS 4S,7C 3H,8C TS,2C 2H,4D 3S,JC 8D,15.11,0.61,6.78,10.11,0.28,67.11,0.0,0.0,0.0,0.0,0.0,100.0
QD AH,TH 3D,JC 5C,7S 4C,9C 8C,6H 5H,0.0,1.33,37.0,4.33,0.0,57.33,0.0,0.0,100.0,0.0,0.0,0.0
6H 5C,TD QC,KS 8H,JD 4S,QD 7D,QS TH,33.0,5.22,31.67,13.33,11.56,5.22,0.0,0.0,0.0,100.0,0.0,0.0
2C 3D,2D 6S,AS QH,QS 4D,2S AD,8S TD,11.39,10.39,33.17,8.17,8.06,28.83,0.0,0.0,50.0,0.0,50.0,0.0
4S 9D,QD AD,KS 5D,5S AH,9H TH,3H 3S,2.0,39.5,37.0,0.5,12.67,8.33,0.0,0.0,100.0,0.0,0.0,0.0
3H 4D,6D 4H,9D JS,2C 7D,7S 2D,TC 4S,3.67,0.67,38.67,0.33,0.33,56.33,0.0,100.0,0.0,0.0,0.0,0.0
9D KS,5C QS,AS TH,8S KC,6D 7D,AD 4S,6.0,13.0,43.33,8.33,21.67,7.67,0.0,0.0,0.0,0.0,100.0,0.0
KH 5H,8C QD,5S 7C,QC 2S,AH 9D,JD 3H,15.5,35.0,18.83,14.33,13.33,3.0,0.0,0.0,100.0,0.0,0.0,0.0
JC 2D,4H KH,6D 5C,3C 7D,3H QS,AH 8C,16.33,37.0,20.67,2.33,14.67,9.0,0.0,0.0,100.0,0.0,0.0,0.0
7D 3H,KS 7C,KH AS,3S 2D,QH 5H,5S 2H,1.0,0.33,76.0,7.33,7.0,8.33,0.0,0.0,100.0,0.0,0.0,0.0
3S TH,6S 2H,2S 6C,AC 7C,QH JC,KH 3C,5.0,2.17,2.17,34.67,25.67,30.33,0.0,0.0,0.0,0.0,0.0,100.0
9D QD,8H QH,TH 5H,9C 6C,QS KS,8S 4H,7.0,3.0,7.0,51.0,8.0,24.0,0.0,0.0,100.0,0.0,0.0,0.0
TH KD,4H TD,AS 2D,7C 6S,7S 8D,9D JD,52.33,0.67,2.0,17.67,6.67,20.67,100.0,0.0,0.0,0.0,0.0,0.0
QS TS,9D KD,3H 8D,5S QD,5D 7C,KC 2D,35.33,8.67,14.0,10.17,22.83,9.0,0.0,0.0,0.0,0.0,100.0,0.0
4D 9D,2H 8D,5C 8H,7H AD,QC 6D,4C 3S,50.33,2.0,24.67,8.0,12.0,3.0,0.0,0.0,0.0,0.0,100.0,0.0
7S 4D,7D TD,5S KH,QD 5D,JH AC,4S 9H,12.0,1.83,12.33,15.0,48.17,10.67,0.0,0.0,0.0,0.0,100.0,0.0
9H 6C,9S QD,JS TS,KS TC,JC 2H,AC 7D,13.33,7.0,1.67,2.67,13.0,62.33,0.0,0.0,0.0,0.0,0.0,100.0
TC KS,9C 4S,6H 8C,5C 3D,3S 2H,8D 7H,10.67,4.33,30.67,9.33,7.33,37.67,100.0,0.0,0.0,0.0,0.0,0.0
5S 4C,QS 7C,4D 4H,AD 3D,5H 6H,6D KD,0.0,9.0,83.67,2.0,3.33,2.0,0.0,0.0,100.0,0.0,0.0,0.0
QD 6C,7C 7D,2D AH,5S 4S,QH 4H,2S 6S,9.33,5.67,53.33,9.67,16.33,5.67,0.0,100.0,0.0,0.0,0.0,0.0
3C AC,JH 3S,9H 9S,QH 6C,7D QC,8D 8C,14.78,24.11,0.78,23.28,26.94,10.11,16.67,16.67,16.67,16.67,16.67,16.67
TD 2S,AS 5C,8D TC,4H 7C,TH 9C,9S 6C,7.0,13.67,47.67,17.0,11.0,3.67,0.0,0.0,100.0,0.0,0.0,0.0
8D KH,4S AD,7H 7D,JC TD,8S TC,2H 2D,2.33,56.67,8.67,13.17,8.83,10.33,0.0,100.0,0.0,0.0,0.0,0.0
3C QC,8S TC,9H 6H,JC 3D,KH TS,4S AD,3.33,1.33,0.0,67.33,14.33,13.67,0.0,0.0,0.0,100.0,0.0,0.0
AS 8C,TC QD,7H 4C,2D 4H,JS KH,JH 7S,0.33,0.0,5.0,1.33,93.33,0.0,0.0,0.0,0.0,0.0,100.0,0.0
KD TD,5S AS,QS QH,7H QC,2C JH,JS TS,45.33,51.67,1.67,1.0,0.33,0.0,0.0,100.0,0.0,0.0,0.0,0.0
QS 5D,2H KS,6C 2C,QH TS,TD 9D,2S 6D,3.33,77.0,5.33,8.33,5.0,1.0,0.0,100.0,0.0,0.0,0.0,0.0
AS 2D,6C JC,7S 7H,2C 5C,3S KS,QC 5S,2.67,41.67,8.0,1.67,32.67,13.33,0.0,0.0,100.0,0.0,0.0,0.0
4S 4C,AD 9C,2C 3C,3S 6C,6S TD,7C KS,63.0,0.0,12.5,20.67,2.17,1.67,0.0,0.0,100.0,0.0,0.0,0.0
8S 8D,9H 2S,9C 2D,QS 4D,TS 4S,TC 6S,75.0,0.83,0.83,1.33,4.5,17.5,100.0,0.0,0.0,0.0,0.0,0.0
TD 8H,KC JC,KD 2S,4S 7C,8C 5S,QD 9C,17.67,36.33,14.67,15.0,3.0,13.33,0.0,0.0,0.0,0.0,0.0,100.0
7D TD,TC QS,JH 6D,2S 2C,TH 4C,AH 9D,2.22,9.22,0.67,9.0,0.56,78.33,0.0,0.0,0.0,0.0,0.0,100.0
8S 9D,7S 5D,JS 3H,AS KD,5C TC,3S 8H,9.5,2.0,30.33,35.0,23.0,0.17,0.0,0.0,0.0,0.0,100.0,0.0
JH 9S,4C 9H,9C TS,QD TD,8C 5H,8H 7D,3.0,1.33,4.0,86.33,3.0,2.33,0.0,0.0,0.0,100.0,0.0,0.0
6C 2D,4H 8H,6H 6D,4D 2H,9S TH,9D 4C,1.11,33.61,6.44,0.28,57.94,0.61,0.0,100.0,0.0,0.0,0.0,0.0
5H 9C,6S 7C,TH KH,3H AH,QC JD,7S AC,3.33,2.33,20.33,10.17,62.0,1.83,0.0,0.0,0.0,0.0,100.0,0.0
QS 8D,5H 4D,AD 7D,7H TH,TC KH,JH 7C,9.33,26.0,10.33,1.33,17.33,35.67,0.0,0.0,0.0,0.0,0.0,100.0
6S 4C,JC JH,2H 7D,4S 3H,5C 8C,QS KD,10.67,30.67,6.0,9.67,19.33,23.67,0.0,100.0,0.0,0.0,0.0,0.0
5S 9C,8H 4C,6H AD,TS 2S,QC 5D,QS 7H,11.67,0.0,49.0,34.67,0.67,4.0,0.0,0.0,100.0,0.0,0.0,0.0
KC 7D,3H 2S,8C 8D,TC 3C,QH 7S,TD KS,5.5,20.0,26.33,36.0,3.67,8.5,0.0,0.0,0.0,100.0,0.0,0.0
KS JS,3S 6D,9S QH,4D 6C,KC 7C,TC AH,47.0,2.83,22.67,2.17,11.0,14.33,0.0,0.0,0.0,0.0,100.0,0.0
AD QD,7D AS,TC 4C,QS 6D,9D 9S,KC JS,80.33,0.0,1.0,0.0,0.0,18.67,100.0,0.0,0.0,0.0,0.0,0.0
4H 2C,2S AC,8C 6S,QC 8D,3H TC,JC 3C,1.33,71.33,13.5,9.5,3.0,1.33,0.0,100.0,0.0,0.0,0.0,0.0
QC AS,QH 5S,6H 9D,AC 8S,2D 4S,6D 4D,16.5,1.0,15.67,16.5,34.67,15.67,100.0,0.0,0.0,0.0,0.0,0.0
JC JH,TH KC,4S 2H,QC 9D,KH 7S,6D KS,79.33,12.78,3.33,3.33,0.78,0.44,100.0,0.0,0.0,0.0,0.0,0.0
2D 2C,4C QS,6H 6S,KH 2H,QC 8H,9C 3C,8.33,21.5,8.67,15.0,39.83,6.67,0.0,0.0,0.0,0.0,100.0,0.0
7D 3H,AC KD,JH 2H,JS QS,KC 7C,9C TC,10.0,66.0,7.5,14.83,0.0,1.67,0.0,0.0,50.0,50.0,0.0,0.0
TS AH,KD 5S,6H 5H,8H 9S,8S 3H,KH 9D,24.0,2.0,46.67,8.67,2.33,16.33,100.0,0.0,0.0,0.0,0.0,0.0
TH JC,5C KC,3S QS,6C QC,KH 3H,7D 9S,34.67,5.33,1.5,1.5,44.33,12.67,0.0,0.0,0.0,0.0,100.0,0.0
7S 5D,7H 6C,QH KS,8C 4D,2D AD,8D JH,9.67,3.0,34.67,1.0,35.0,16.67,0.0,0.0,100.0,0.0,0.0,0.0
9H QC,3D 2S,KC 3C,JH 3S,TH TC,7D 7H,22.33,3.0,19.67,10.33,34.33,10.33,0.0,0.0,100.0,0.0,0.0,0.0
4D 5C,6C 8D,6H 9S,5D 5S,7S 7C,TC 2H,14.5,4.33,3.33,14.5,61.33,2.0,50.0,0.0,0.0,50.0,0.0,0.0
2C TD,6D 2S,8D KD,QC 3C,QH 6S,7S 4H,11.83,2.83,51.0,1.33,2.0,31.0,0.0,0.0,100.0,0.0,0.0,0.0
7H 3C,JD 4S,4D 3S,8S AS,2H JC,6D TS,6.33,1.17,2.33,65.33,9.17,15.67,0.0,0.0,0.0,100.0,0.0,0.0
7D 6S,2C 3S,7C AC,JD 6H,2S 5C,TS QD,0.06,1.72,10.06,47.06,2.39,38.72,0.0,0.0,100.0,0.0,0.0,0.0
7C KC,4H 4C,5D 7D,AD QS,2D 2H,3C 6C,20.33,21.33,10.67,21.67,5.33,20.67,0.0,0.0,0.0,0.0,0.0,100.0
KH QC,7C 9H,6H 8S,6C 3C,9D AC,JS 6S,0.0,3.67,47.0,6.33,0.33,42.67,0.0,0.0,100.0,0.0,0.0,0.0
2C 3D,TH 9D,AH AC,AD JD,2H KD,6S 8H,0.0,79.67,4.0,11.67,0.0,4.67,0.0,100.0,0.0,0.0,0.0,0.0
AC 3D,JH TH,JD 9D,6D AD,2C JC,8H 9C,25.33,20.67,2.33,38.0,2.0,11.67,50.0,0.0,0.0,50.0,0.0,0.0
AS 5H,4D TC,AD 8S,8H 6D,9D 4C,9S 3D,60.5,10.33,9.5,15.0,2.33,2.33,100.0,0.0,0.0,0.0,0.0,0.0
3H 4D,9D 8H,8S 6C,2C TH,7D 5H,QS KS,21.67,2.67,2.67,30.0,2.67,40.33,0.0,0.0,0.0,0.0,0.0,100.0
TC AH,TS JD,9C 4S,KH 8H,KD JC,TH 5H,17.0,10.5,1.0,28.0,43.17,0.33,0.0,100.0,0.0,0.0,0.0,0.0
6C TC,KS 4C,7D TH,KD AH,8H 9C,5H 8C,17.67,19.67,0.0,61.67,1.0,0.0,100.0,0.0,0.0,0.0,0.0,0.0
3H KD,3D JS,8C 4C,KC 4H,TS 6D,7H AS,25.0,4.0,7.67,26.0,22.0,15.33,0.0,0.0,100.0,0.0,0.0,0.0
2C 5C,9S TS,6D 5S,8S 4C,3H 2H,9D 2S,0.5,37.5,2.5,49.33,7.67,2.5,0.0,0.0,0.0,100.0,0.0,0.0
5H 4D,AC 8D,9S 7C,3C 2S,2D QD,5D 8S,8.11,44.11,23.94,4.94,15.94,2.94,100.0,0.0,0.0,0.0,0.0,0.0
3S 4H,8H 8S,6S 4S,TH 6D,9S KS,9D KD,1.78,56.44,1.78,10.78,12.94,16.28,0.0,0.0,0.0,0.0,100.0,0.0
2H 2D,TS 7D,8D 3C,6C 7S,6S AH,5C 3D,8.33,8.5,2.83,4.17,63.0,13.17,0.0,0.0,0.0,0.0,100.0,0.0
QC 8D,5S 9D,TH 4S,7C 6S,2S 4D,8C 2H,17.0,4.33,77.67,0.0,0.0,1.0,0.0,0.0,100.0,0.0,0.0,0.0
TC 8S,JS 5D,6H 9C,KD JC,5H 9D,2D 8H,60.67,0.83,20.17,5.83,2.5,10.0,100.0,0.0,0.0,0.0,0.0,0.0
2D KS,7D TH,JD 3D,AD 4C,8S 6H,4D 3S,20.33,9.33,9.0,21.67,19.0,20.67,100.0,0.0,0.0,0.0,0.0,0.0
7S KH,6S TS,JH 8H,5D KC,3C 2D,TC JC,3.33,13.0,14.33,3.67,2.17,63.5,0.0,0.0,0.0,0.0,0.0,100.0
7H 4D,7D AH,9C 9H,8C QH,8S TS,5S TC,1.67,3.67,88.67,2.0,3.33,0.67,0.0,0.0,100.0,0.0,0.0,0.0
9C 2S,4H 7D,QD KC,AH AS,TH 2C,KD 5D,0.0,1.33,15.17,79.0,0.0,4.5,0.0,0.0,0.0,100.0,0.0,0.0
2S QD,5C 7S,JD 3C,7D 4D,8D QC,8S 7C,15.78,9.89,13.44,32.56,8.44,19.89,0.0,0.0,0.0,100.0,0.0,0.0
5D 5C,KD KC,3D 6D,4H 2D,7C 6C,TS QS,8.67,46.33,16.17,13.33,8.5,7.0,0.0,100.0,0.0,0.0,0.0,0.0
9S 9C,3D QS,3C 7H,JD 8S,4S AS,7D KH,10.33,8.0,22.67,21.0,30.67,7.33,0.0,0.0,100.0,0.0,0.0,0.0
7S KS,KD 3S,8D AS,TC 6H,QH KC,JC 8C,0.11,0.44,15.78,24.44,47.44,11.78,0.0,0.0,0.0,100.0,0.0,0.0
2H 6D,9D 3C,2D 4H,AS TH,KS AD,KD 8H,45.33,17.67,1.67,9.83,14.17,11.33,100.0,0.0,0.0,0.0,0.0,0.0
7D QS,8H 8D,AH 9S,4D 4C,QC 5D,TS 2C,0.83,90.67,2.67,0.0,0.83,5.0,0.0,100.0,0.0,0.0,0.0,0.0
2H AH,5C 9H,8S AD,TC KD,JD 9C,2D 5H,28.0,9.33,42.33,12.67,4.67,3.0,50.0,0.0,50.0,0.0,0.0,0.0
8H 2S,AC 6H,KC TS,8D 6D,JD 5S,AS 7C,2.0,63.17,4.0,4.67,1.67,24.5,0.0,100.0,0.0,0.0,0.0,0.0
7D 3D,JH 2H,9C QS,QH 6C,7C 4D,4H 4C,4.06,15.39,30.56,12.89,5.39,31.72,0.0,0.0,100.0,0.0,0.0,0.0
AH 5D,JC 8H,3D 2H,6H TC,KH 7D,5C JS,15.67,2.83,0.0,1.67,1.33,78.5,0.0,0.0,0.0,0.0,0.0,100.0
AC JH,3C 7H,TC 9C,JS 2H,KC AS,8S 6S,2.67,4.0,32.67,12.33,17.67,30.67,0.0,0.0,0.0,0.0,100.0,0.0
5H 8C,6H QD,4H JH,2D 5S,QH KC,TC 7S,56.67,2.67,6.33,0.33,3.67,30.33,100.0,0.0,0.0,0.0,0.0,0.0
8D 2H,6H JD,8C 7S,4S 3H,9C 6C,4H QH,15.83,40.0,12.83,3.67,11.33,16.33,0.0,0.0,0.0,0.0,100.0,0.0
9S 5H,3S 5C,AC 6D,JS 5D,9C 7C,KS 4S,6.33,9.0,12.67,11.33,2.33,58.33,0.0,0.0,0.0,0.0,0.0,100.0
2S TH,5D KH,AC AH,6D KD,4C 8H,3C 4D,3.67,15.67,48.67,7.33,14.83,9.83,0.0,0.0,100.0,0.0,0.0,0.0
3C 2H,9D AC,QS AH,2C TH,5H 6C,9H 9C,3.67,15.83,69.17,3.0,6.67,1.67,0.0,0.0,100.0,0.0,0.0,0.0
4H 6H,3H 9D,QH 4D,7H 4S,KS 4C,TS 9S,5.25,1.0,3.58,79.92,3.58,6.67,0.0,0.0,0.0,100.0,0.0,0.0
2C KD,8H QC,AD 8S,5H TD,6H QS,7H 5C,36.0,10.67,21.67,9.33,8.0,14.33,100.0,0.0,0.0,0.0,0.0,0.0
AD 7D,TS 4S,2H AH,7S QS,8D JD,9D 2D,5.33,7.0,46.0,7.67,29.0,5.0,100.0,0.0,0.0,0.0,0.0,0.0
8D 6D,JH 3H,JC KH,KD 9C,JD 9H,TC 2C,51.67,4.67,9.67,6.0,3.67,24.33,0.0,100.0,0.0,0.0,0.0,0.0
3S 7C,8H 2H,QH TD,7D 5D,AH TC,3C 4H,44.83,10.33,6.67,21.33,1.67,15.17,100.0,0.0,0.0,0.0,0.0,0.0
JS 7H,6C 5C,7D 8C,6S QC,JC JD,JH TH,0.06,6.72,2.06,14.06,69.06,8.06,0.0,100.0,0.0,0.0,0.0,0.0
2S KH,QS AD,4D 9H,8D 6D,TC QH,QC 6S,6.72,12.61,23.06,19.22,28.28,10.11,0.0,0.0,0.0,0.0,100.0,0.0
2S 5C,KD KH,AC 4S,7S 9H,8D TC,2H 4C,2.33,80.67,2.33,10.67,2.0,2.0,0.0,100.0,0.0,0.0,0.0,0.0
QD 6S,2C 5H,3C QS,9H JD,QH AH,KD 8S,4.0,9.33,19.0,44.0,11.33,12.33,0.0,0.0,0.0,100.0,0.0,0.0
2S TD,4D 8H,QH QS,6C QD,9S 2C,5H 3S,2.17,24.0,43.33,10.67,4.83,15.0,0.0,0.0,100.0,0.0,0.0,0.0
5C AD,2D JD,8C TH,KH JS,5S 8S,6H 2H,24.0,73.33,2.67,0.0,0.0,0.0,0.0,100.0,0.0,0.0,0.0,0.0
2D 6D,JD 9S,JS 8H,5D 5H,3D TH,QS KD,61.0,6.33,5.0,14.0,8.67,5.0,100.0,0.0,0.0,0.0,0.0,0.0
5C 6C,4H 3C,AD JH,3H QS,AH JD,4C 9D,49.17,0.17,6.5,11.83,6.5,25.83,0.0,0.0,0.0,0.0,0.0,100.0
2H 7D,2C 6S,2D JH,KD 9C,KS 5S,7C TH,0.0,3.0,2.0,9.0,41.0,45.0,0.0,0.0,0.0,0.0,100.0,0.0
2D JH,8S AC,5S QH,6D JD,3C 4D,5D 7D,59.5,8.0,6.33,23.17,2.33,0.67,100.0,0.0,0.0,0.0,0.0,0.0
9C 5D,4H 7C,8D KH,6D 7H,9S 4D,QS TH,8.17,0.0,68.67,3.67,7.83,11.67,100.0,0.0,0.0,0.0,0.0,0.0
2D 5C,9D QH,8C 3H,AC 6S,TC JH,8S JS,87.17,0.17,1.5,4.17,0.17,6.83,100.0,0.0,0.0,0.0,0.0,0.0
7D 4H,AD 9H,KS 8H,7H 9S,2S KD,9D 6D,4.67,57.67,20.67,5.67,8.67,2.67,0.0,100.0,0.0,0.0,0.0,0.0
4D 6D,3C 2C,AC AD,9D KC,8S KS,TC 2S,4.33,0.67,95.0,0.0,0.0,0.0,0.0,0.0,100.0,0.0,0.0,0.0
TC 5C,7C KD,KH QD,AH 6C,3C 8S,5S 8H,15.5,5.67,18.33,48.33,4.5,7.67,0.0,0.0,0.0,100.0,0.0,0.0
AS 7S,7C TD,3H AD,4C TS,QD 9S,4H QH,61.5,8.67,6.0,3.83,18.33,1.67,0.0,50.0,0.0,50.0,0.0,0.0
TC JH,3S 7D,4C AC,2C 3D,9D 6S,2S QD,20.61,1.94,57.28,2.44,1.28,16.44,100.0,0.0,0.0,0.0,0.0,0.0
JS 3S,7C KH,KS 3D,8C 7D,4D 9D,4C AC,2.33,31.17,11.5,5.0,4.33,45.67,0.0,100.0,0.0,0.0,0.0,0.0
9C 4S,TH 4D,3H JD,9D QD,7S JH,3C 7H,0.0,66.67,2.5,9.67,4.17,17.0,0.0,0.0,0.0,100.0,0.0,0.0
KH 8H,JS 9S,TS AS,2C QS,5S 6D,QC 8D,29.0,9.67,50.67,4.67,3.33,2.67,0.0,0.0,100.0,0.0,0.0,0.0
AH 2C,7C 4D,6D 9C,TD 5S,4S TS,JH JC,4.33,3.67,0.67,1.0,7.0,83.33,0.0,0.0,0.0,0.0,0.0,100.0
3C 2H,8C QC,6C 6H,7S 7C,3H TD,TS KC,9.67,9.33,57.0,16.0,1.17,6.83,0.0,0.0,100.0,0.0,0.0,0.0
4D 8H,JD 9H,8C AC,JC 3H,JH 5D,AD KS,0.33,34.78,36.83,2.11,2.11,23.83,0.0,0.0,0.0,0.0,0.0,100.0
QC KC,5S QS,JD 7S,9C 6S,5D KS,4C 2S,77.17,0.0,1.67,2.67,18.5,0.0,100.0,0.0,0.0,0.0,0.0,0.0
4S 2S,3C 5S,3S 4D,JD QC,AD AS,QH 5H,3.33,4.5,3.33,28.0,51.33,9.5,0.0,0.0,0.0,0.0,100.0,0.0
4D AD,QH 7S,TC QC,9D 3S,5C 8D,2H 6S,23.0,2.17,46.83,4.67,18.33,5.0,0.0,0.0,100.0,0.0,0.0,0.0
6S KD,8C 7D,7C TS,5H 2C,8H AS,AC 7S,1.11,5.44,0.44,92.44,0.28,0.28,0.0,0.0,0.0,100.0,0.0,0.0
6C QH,4S 6D,AH QS,8D QD,5S 2S,9H TD,0.17,2.17,5.33,2.33,85.0,5.0,0.0,0.0,0.0,0.0,100.0,0.0
QS 8C,3S 6D,QD 2S,9C KC,TC 8D,AC TS,0.0,0.0,0.0,99.33,0.0,0.67,0.0,0.0,0.0,0.0,0.0,100.0
JS 4C,4D 5C,9C TH,7D JC,QC KC,5S AD,0.83,4.17,6.67,1.33,17.0,70.0,0.0,0.0,0.0,0.0,0.0,100.0
8C AH,JS 8S,QC 6C,AS 4H,2D 3D,KH KS,6.33,18.67,8.0,5.33,21.67,40.0,0.0,100.0,0.0,0.0,0.0,0.0
2S KC,JS 4H,TS JH,6S AH,7C QH,KD 3S,26.67,1.83,46.83,11.33,10.67,2.67,0.0,0.0,0.0,100.0,0.0,0.0
JS 4D,9D AH,TC 9H,2D 4C,QH 3S,7S 5C,39.33,11.83,15.17,2.33,13.0,18.33,0.0,100.0,0.0,0.0,0.0,0.0
5H QS,AS 6S,TS 3S,8H 9D,7H TD,3H JS,11.67,22.0,6.67,19.0,28.0,12.67,0.0,0.0,0.0,0.0,100.0,0.0
2S QS,4D JC,AS QC,3S JH,8C 5H,QD 3C,37.11,6.5,27.44,1.83,23.67,3.44,100.0,0.0,0.0,0.0,0.0,0.0
QH 7S,8D 2S,KC 9S,5S TC,5H 4S,6S 4D,21.33,7.0,20.0,38.67,1.0,12.0,0.0,0.0,100.0,0.0,0.0,0.0
5C 4H,KS KD,3S 9D,7C QH,QS 4D,8D 6C,13.0,72.67,3.33,6.5,2.17,2.33,0.0,100.0,0.0,0.0,0.0,0.0
6S 8D,QS 8S,9S KH,QD TC,TD AC,3S 2D,19.33,6.67,57.67,4.33,11.0,1.0,0.0,0.0,100.0,0.0,0.0,0.0
4C 2S,8D KH,AC AS,8H QS,9C KC,9H AH,18.67,1.0,60.0,11.33,5.33,3.67,100.0,0.0,0.0,0.0,0.0,0.0
KC KD,2H JH,4S 7C,5C KH,TH 8H,6D 2D,5.0,2.33,8.67,2.33,81.67,0.0,0.0,0.0,0.0,0.0,100.0,0.0
8S 4D,5H 5S,6H 6S,2H 7H,QH JH,8D TD,3.33,9.67,10.0,4.0,68.67,4.33,0.0,0.0,0.0,0.0,100.0,0.0
9H 9D,5S 6S,5D JC,6H 9C,AH 8C,3S KC,4.67,9.5,4.33,2.83,2.0,76.67,0.0,0.0,0.0,0.0,0.0,100.0
4C AH,3D KC,2C 4D,JD KD,4H QH,6S 3H,0.33,2.5,0.33,57.5,38.0,1.33,0.0,0.0,0.0,100.0,0.0,0.0
KC AC,TC TH,3S JH,TD 8D,QS 2S,5S 6H,55.67,5.17,7.33,6.17,24.67,1.0,0.0,0.0,0.0,0.0,100.0,0.0
TH 5D,6C 3C,AH 4C,3D 7S,3S AC,8C 8H,13.0,15.67,4.33,8.0,3.0,56.0,0.0,0.0,0.0,0.0,0.0,100.0
4H 6C,5C 2H,9D 3H,AH 3C,KS QS,TH KH,1.67,3.33,36.17,5.17,38.5,15.17,0.0,0.0,0.0,0.0,50.0,50.0
9C TH,7C 2C,6H KD,4H 3D,7H 5H,2D TC,27.0,31.0,8.0,19.0,10.67,4.33,0.0,0.0,0.0,0.0,100.0,0.0
TC 3C,5H QC,AD 7S,2H QS,6D TH,4H 2C,6.39,45.06,22.39,4.39,18.72,3.06,0.0,100.0,0.0,0.0,0.0,0.0
AH QH,TC KD,TH AD,2D 8C,6S 3S,2H 8H,55.67,26.67,5.0,0.5,11.67,0.5,0.0,0.0,0.0,0.0,100.0,0.0
AC QS,8C 3C,3S AH,JS AD,9H AS,3H 6D,18.33,48.67,0.0,12.0,13.0,8.0,0.0,0.0,0.0,100.0,0.0,0.0
5H AH,KD 3H,4D 6S,7D 8H,2D QC,TS 4C,18.67,13.67,2.0,23.67,11.0,31.0,0.0,0.0,0.0,100.0,0.0,0.0
5H KS,8S 8H,TD AC,9D KH,6C TC,TS 9C,21.0,10.33,62.33,0.67,5.67,0.0,0.0,0.0,100.0,0.0,0.0,0.0
8S 7S,AD 5C,9C 5S,3H 3C,6S 2H,TC 3S,2.06,50.72,8.72,37.22,0.72,0.56,0.0,0.0,0.0,100.0,0.0,0.0
JS 2D,QH AC,3D 5C,TS 2C,8H 9H,6C TD,8.11,42.78,0.78,4.44,36.78,7.11,0.0,0.0,0.0,0.0,100.0,0.0
9S 4D,KS TC,5H JC,7C QS,JS 2C,9C 8D,8.83,6.0,29.83,20.0,3.17,32.17,0.0,0.0,50.0,0.0,50.0,0.0
KH 7D,4C 8S,6H 8H,4H 2H,6S 4D,JD 4S,27.0,2.33,9.33,44.33,4.33,12.67,0.0,0.0,0.0,0.0,0.0,100.0
7H 4S,8S QC,3H 5D,TC 3C,AS 2H,JD 9D,5.33,65.0,2.67,3.33,10.0,13.67,0.0,0.0,0.0,0.0,0.0,100.0
4C TS,2H KD,9S 3H,9C AD,JS TD,2S 9D,0.0,93.67,4.67,0.33,1.33,0.0,0.0,100.0,0.0,0.0,0.0,0.0
3C 4D,KH TC,8D 3H,7D 8H,9S 8C,JS JH,2.5,16.33,6.39,31.56,8.89,34.33,0.0,0.0,0.0,0.0,0.0,100.0
4S QH,2S 5D,2C KH,6H 7C,7S 3C,TD AD,10.0,0.33,66.0,3.67,0.0,20.0,0.0,0.0,100.0,0.0,0.0,0.0
JD 8S,AD 6D,TC 2H,JH 4D,8D TD,4C 3S,4.83,13.0,65.83,1.33,0.17,14.83,0.0,100.0,0.0,0.0,0.0,0.0
5D JC,3D 9S,QC AC,2S AS,JD 4D,2D 8C,17.0,7.33,12.83,34.83,20.0,8.0,0.0,0.0,0.0,100.0,0.0,0.0
4H 2C,AD 7H,5S 9S,8D 9D,KC 4S,2S QD,0.0,27.67,2.0,69.67,0.67,0.0,0.0,0.0,0.0,100.0,0.0,0.0
TC 4S,JD 9D,TS 7S,KC TH,JS 8D,AC 8C,1.0,31.17,16.67,9.67,6.5,35.0,0.0,0.0,0.0,100.0,0.0,0.0
TD 4C,9C 4D,6H KD,8C KC,2D KS,4H 7S,73.06,3.06,6.28,8.61,6.94,2.06,100.0,0.0,0.0,0.0,0.0,0.0
KD QS,9S TH,2D JD,4C 8H,6D 7C,JC KS,11.67,19.33,1.0,18.67,43.67,5.67,0.0,0.0,0.0,0.0,100.0,0.0
AC 4D,5S 9D,JD 4C,4H 3D,QS 7C,TC 3S,17.0,1.33,2.33,4.83,62.67,11.83,0.0,0.0,0.0,0.0,100.0,0.0
3H 3D,AD AH,4S 5D,5S 5C,4D 7C,3C 6D,4.33,72.67,1.67,6.0,15.33,0.0,0.0,100.0,0.0,0.0,0.0,0.0
8D 6D,3D 6S,TS KD,JH QC,2D 2S,9H 3S,31.17,1.17,39.67,15.33,9.67,3.0,0.0,0.0,100.0,0.0,0.0,0.0
TD 5H,6S 6H,7D TC,6D 3C,QS 9C,JC 2S,10.33,5.17,40.0,15.5,12.67,16.33,0.0,0.0,0.0,100.0,0.0,0.0
TH AS,KS JD,TD 3C,KH 8H,KC 8C,QS JC,15.0,64.17,5.0,1.83,1.83,12.17,0.0,100.0,0.0,0.0,0.0,0.0
8D 7H,TD 5H,KD 4C,AS 4H,KC 6D,KS 3H,15.33,21.33,2.67,41.33,10.33,9.0,0.0,0.0,0.0,0.0,100.0,0.0
AS 6S,TD 2S,3C TH,6H KS,7H QH,5S 9C,24.56,1.22,8.89,22.89,23.39,19.06,0.0,0.0,0.0,0.0,100.0,0.0
TD KH,6H 5C,JD 8H,QC 9D,3H 2H,KC AD,0.44,71.11,0.44,0.44,24.11,3.44,0.0,100.0,0.0,0.0,0.0,0.0
KS KC,JD 3S,4C JC,3D QC,8C 2S,TD 7H,85.67,6.0,5.0,3.0,0.33,0.0,100.0,0.0,0.0,0.0,0.0,0.0
8D 6C,7D TD,4H 9D,3D AD,7S JS,7C QD,8.67,2.0,17.67,26.0,32.67,13.0,0.0,0.0,0.0,0.0,100.0,0.0
JH JC,3S JS,8D 9D,TC 8C,8H 2S,4C 5S,57.67,0.0,26.0,16.0,0.33,0.0,0.0,0.0,0.0,100.0,0.0,0.0
JD 7D,QS AS,9C KC,8D 5H,TS KH,JH JC,6.67,8.67,2.0,12.0,52.67,18.0,0.0,0.0,0.0,0.0,0.0,100.0
6S TC,4D TD,4S 3H,9S 8D,9H 7H,KS AH,11.67,2.67,3.0,41.83,14.17,26.67,0.0,0.0,0.0,100.0,0.0,0.0
AD 8D,6S 8H,TH TD,3C 6C,2C 6D,5D 4H,62.89,0.22,25.22,5.89,1.22,4.56,100.0,0.0,0.0,0.0,0.0,0.0
KD TD,9D 2D,4S QH,JS AC,JH TS,4H KS,9.5,38.33,0.33,15.5,35.67,0.67,0.0,100.0,0.0,0.0,0.0,0.0
QC 9H,4S AD,6D JH,3C 2C,4H AC,KS 5S,3.72,41.72,9.06,2.39,41.72,1.39,0.0,50.0,0.0,0.0,50.0,0.0
8S TC,AC 9H,3C 6H,QS 2C,TH 5C,JD KS,10.33,14.0,27.0,21.67,5.67,21.33,100.0,0.0,0.0,0.0,0.0,0.0
QS 9D,4C 2H,2D AC,JC 7C,QH TH,JH 9H,48.17,6.33,13.0,10.33,13.0,9.17,0.0,0.0,0.0,100.0,0.0,0.0
5C 9D,KH 9C,AD 4D,6C 3C,JD 5H,2H 4H,0.0,0.0,93.33,4.33,0.0,2.33,0.0,0.0,100.0,0.0,0.0,0.0
6H TS,9D JC,AD 9C,5C 4H,AH 4S,9S 7S,28.33,34.67,6.17,6.0,5.83,19.0,100.0,0.0,0.0,0.0,0.0,0.0
6S QC,3H JC,2D 9C,5C 7S,QD AD,8D 3S,44.0,7.0,5.0,24.67,8.67,10.67,100.0,0.0,0.0,0.0,0.0,0.0
QD 5C,4H AH,5D 2S,6S JH,6C 4C,TD TH,6.67,73.0,1.67,0.33,6.0,12.33,0.0,0.0,100.0,0.0,0.0,0.0
7C 8C,3S JS,5C 9C,2S QD,QS AC,4D 9S,21.33,30.33,4.33,0.0,36.33,7.67,0.0,100.0,0.0,0.0,0.0,0.0
2S 7C,AD AC,6H 8D,7S 8H,KS 3D,TH QH,0.0,2.0,0.0,0.0,1.33,96.67,0.0,100.0,0.0,0.0,0.0,0.0
2S 4H,JS QC,9S 7D,TC 8C,2D 6C,4S 8S,2.33,63.67,7.0,5.0,16.0,6.0,0.0,0.0,0.0,100.0,0.0,0.0
QC 3S,4C 2D,AS 4S,TD QH,4H 9S,AD 7H,15.67,4.67,5.17,67.33,2.33,4.83,100.0,0.0,0.0,0.0,0.0,0.0
KH AC,QS 8S,KS 5H,QH 3H,9C 6S,AH 4D,14.67,41.33,2.0,2.33,38.67,1.0,100.0,0.0,0.0,0.0,0.0,0.0
2H 3S,JS 7S,6H 7C,5D 7D,TC JH,3H QS,3.33,7.67,13.33,11.0,55.33,9.33,0.0,0.0,100.0,0.0,0.0,0.0
9C JC,AH 6H,TH 5S,3S JH,9H 2C,3D 8H,18.61,21.44,18.78,4.78,27.61,8.78,0.0,100.0,0.0,0.0,0.0,0.0
8H AH,AC 8S,8C 9C,2S QS,KS 8D,9S 4D,12.67,5.0,11.67,45.0,10.0,15.67,0.0,0.0,0.0,100.0,0.0,0.0
KD 8S,4C TS,4S JH,TD JC,KS 4D,8H TC,66.33,2.22,2.72,12.83,13.89,2.0,100.0,0.0,0.0,0.0,0.0,0.0
5S 8H,8S KS,TC 6H,2S 5D,2C 4S,7H 7S,3.56,32.56,46.56,1.22,1.89,14.22,0.0,0.0,0.0,0.0,0.0,100.0
JC 9C,JS 7S,AH 8C,6H QH,8H 7H,2S 8S,7.67,6.33,55.44,6.67,13.78,10.11,0.0,0.0,0.0,0.0,0.0,100.0
4H 4S,9D TD,2C 4C,8S JC,6D 6S,8H 7C,2.17,23.67,17.83,11.17,8.67,36.5,0.0,100.0,0.0,0.0,0.0,0.0
TS AS,9D 2C,QH 2H,5D 6D,6S 4H,QS JD,6.67,0.67,3.33,41.67,38.67,9.0,0.0,0.0,0.0,50.0,50.0,0.0
7D 5H,KS JD,6D KH,JC 9D,QD 2D,2H 7S,29.39,13.89,12.89,18.89,17.56,7.39,0.0,100.0,0.0,0.0,0.0,0.0
JD 6S,7S AS,2S 6D,9D 8H,2D 3S,4S 6C,12.0,1.33,0.0,86.67,0.0,0.0,0.0,0.0,0.0,100.0,0.0,0.0
3C QH,QD 4S,9C 3S,KH AC,AD 2H,AS 2D,7.5,8.33,59.5,12.56,4.06,8.06,0.0,0.0,0.0,100.0,0.0,0.0
7C TC,6D 8S,8D 7S,TS QS,4S 4D,2S 9C,9.5,6.33,3.67,48.83,12.33,19.33,0.0,0.0,0.0,0.0,0.0,100.0
2D KD,5S 6C,QH 2C,6S 8D,9D 6D,4D JS,36.83,6.33,47.5,3.67,1.33,4.33,100.0,0.0,0.0,0.0,0.0,0.0
KC 5H,8H 7C,6C 2S,4D AC,3D AH,TH 2C,13.33,38.0,15.33,22.0,8.0,3.33,0.0,0.0,0.0,100.0,0.0,0.0
JS TD,2S 6C,TC AD,QS JC,TH 8H,5D QH,1.11,68.11,4.11,1.78,5.78,19.11,0.0,0.0,0.0,0.0,100.0,0.0
7S 8D,AC 6S,2H TH,QH 7D,KD 5C,KH 3S,3.33,40.33,51.0,0.33,0.33,4.67,0.0,0.0,100.0,0.0,0.0,0.0
QH 7C,7D JS,TH TC,6D 9D,2H QC,KS 8D,4.17,6.0,30.0,50.33,2.17,7.33,0.0,0.0,100.0,0.0,0.0,0.0
JD 9H,6D 3H,AS 3D,AH 7H,JH 6H,7S TS,13.78,31.61,15.78,13.44,6.94,18.44,0.0,100.0,0.0,0.0,0.0,0.0
5C 7H,QS AS,4D TH,QC 7S,7C 2H,2C 2D,2.78,16.67,5.0,2.11,2.11,71.33,0.0,0.0,0.0,0.0,0.0,100.0
2D 3H,TC KS,QH AS,5D 5S,7H TD,JH JD,3.67,14.0,6.67,8.67,43.67,23.33,0.0,0.0,0.0,100.0,0.0,0.0
9C JC,8D AS,2C 7C,KD 8C,KS KH,QS TD,1.0,2.5,87.67,2.17,4.67,2.0,0.0,0.0,100.0,0.0,0.0,0.0
3S 6C,4H 7D,TD AS,2C KD,9D 8C,AD QC,29.0,26.0,6.67,22.33,6.67,9.33,0.0,0.0,100.0,0.0,0.0,0.0
QS 6S,KS JH,TS JD,7H 8S,4H 4C,KH 6D,46.0,14.83,21.5,2.0,15.67,0.0,0.0,0.0,100.0,0.0,0.0,0.0
5C 7D,2S 7C,3C 5H,2C 8H,8D 3D,AC QS,4.33,1.0,3.83,2.0,9.5,79.33,0.0,0.0,0.0,0.0,0.0,100.0
AC 8S,QH JH,AD 9H,QD 2S,7C 7H,2H 2D,7.5,66.67,8.17,1.33,12.0,4.33,0.0,0.0,100.0,0.0,0.0,0.0
QD 3H,4S 7C,6H TC,AH AD,AC QC,2H 9D,0.0,4.0,0.0,45.67,50.33,0.0,0.0,0.0,0.0,0.0,100.0,0.0
2S KS,6H 5H,KD 8C,2D QC,TH 5S,6C 5C,1.17,3.39,16.17,68.33,3.22,7.72,0.0,0.0,0.0,100.0,0.0,0.0
6H 9H,3D AH,6S 9D,8C 5S,JS 5D,7C 2C,39.0,14.0,5.67,1.33,27.0,13.0,100.0,0.0,0.0,0.0,0.0,0.0
4S 4H,AC KS,TC TH,KD QC,7C 9D,JC KC,6.67,13.67,11.33,55.0,5.67,7.67,0.0,100.0,0.0,0.0,0.0,0.0
9H 3D,TH 3S,7H 5D,2D 9S,6S QS,KH 6D,2.33,3.33,19.33,3.0,59.33,12.67,0.0,0.0,0.0,0.0,100.0,0.0
4C 2D,JH QS,JD 5D,2S KD,6S 9C,8H 2H,0.33,24.33,1.67,0.0,2.67,71.0,0.0,0.0,0.0,0.0,0.0,100.0
QC JC,AD 7C,TS 5D,8C KD,9C 4D,4C 2S,25.0,16.67,31.0,11.67,3.67,12.0,0.0,0.0,0.0,0.0,100.0,0.0
5S TC,JD 3S,7S 3D,TD QD,QH 5C,KD 4C,49.17,4.5,16.83,23.83,1.0,4.67,50.0,0.0,0.0,50.0,0.0,0.0
AS TS,QS 3H,8H KS,8S 6C,5D 8D,KD AH,5.67,6.33,2.33,28.33,44.67,12.67,0.0,0.0,0.0,0.0,0.0,100.0
9H 7C,5C 8S,QS 2S,QD 6C,3H 9C,7H AS,0.0,3.67,9.17,1.17,23.33,62.67,0.0,0.0,50.0,50.0,0.0,0.0
7S JC,9C 8D,AH 5C,3D 5H,KD TD,QS 4S,10.0,16.0,30.83,7.5,35.67,0.0,0.0,0.0,0.0,0.0,100.0,0.0
6C JC,TH 3C,2C 4H,JD 7S,8H 5H,QH 6S,6.17,38.0,19.33,8.67,16.0,11.83,0.0,100.0,0.0,0.0,0.0,0.0
AD JS,QS AS,JH KC,AC 5C,6H 7D,8H 2D,1.33,4.0,68.0,4.0,6.0,16.67,0.0,0.0,100.0,0.0,0.0,0.0
AC 3D,AD 9C,TC 9S,7S QH,4H 8S,7D 5C,8.5,25.5,15.67,8.5,19.0,22.83,0.0,0.0,0.0,100.0,0.0,0.0
QS JC,TC 2D,TS TH,9H 3S,2H AH,2C AS,27.33,0.0,38.0,22.33,6.17,6.17,100.0,0.0,0.0,0.0,0.0,0.0
7C TD,4S 2S,2D 5C,QD 3H,8C TS,7S JH,9.83,1.67,17.33,12.0,35.5,23.67,0.0,0.0,0.0,0.0,100.0,0.0
4C 9H,JD KS,7C JC,3H QS,TH JS,TC 3C,3.33,11.33,38.0,43.5,2.67,1.17,0.0,0.0,0.0,100.0,0.0,0.0
AH QH,6S KC,9C TS,6D 8H,QS 8D,4S 4H,76.0,1.67,3.67,4.0,3.33,11.33,100.0,0.0,0.0,0.0,0.0,0.0
2C KH,3D 6H,2H TH,JD 9H,9C 6S,8S AD,1.0,0.83,1.0,16.33,16.5,64.33,0.0,0.0,0.0,0.0,0.0,100.0
TS JD,9D AH,6S AC,TD 8C,AD KD,KH KS,4.67,7.0,2.0,11.0,3.67,71.67,0.0,0.0,0.0,0.0,0.0,100.0
8H 6S,QD 4S,9H TD,3H JD,9S 5C,JC KS,1.33,4.33,2.33,2.33,4.0,85.67,0.0,0.0,0.0,0.0,0.0,100.0
JC KC,6D 4C,8H KD,9S 9H,AD 2C,9C 8S,38.5,23.33,11.17,8.67,12.67,5.67,100.0,0.0,0.0,0.0,0.0,0.0
3C 5C,5H 2D,5S JS,QC KC,6S 4D,TS 3H,1.44,2.11,1.78,92.11,0.11,2.44,0.0,0.0,0.0,100.0,0.0,0.0
7H 3D,KC 9H,7D 2D,TH 5S,QH KS,5H 3S,1.67,7.17,36.0,4.67,44.83,5.67,0.0,0.0,0.0,0.0,100.0,0.0
5S 9D,4H AD,JH QC,4S 2D,6H 7C,TD 3H,5.0,10.33,14.67,17.0,18.67,34.33,0.0,100.0,0.0,0.0,0.0,0.0
3D 9S,5H KH,7D JH,QC 9H,8D 4D,8H 2S,1.5,4.0,64.0,23.17,7.0,0.33,0.0,0.0,0.0,100.0,0.0,0.0
6H 5S,4C 5H,2D JS,TD KS,2C 5D,3D 8C,31.22,5.89,0.67,20.67,32.22,9.33,100.0,0.0,0.0,0.0,0.0,0.0
TD AS,KC KS,7C JD,9H 4C,6C 5C,8S 4H,39.0,10.0,10.0,0.83,38.0,2.17,0.0,0.0,100.0,0.0,0.0,0.0
AC 9D,5D QH,TC 2H,AS JD,4C 6S,5H 7S,1.5,2.33,78.67,16.5,1.0,0.0,0.0,0.0,100.0,0.0,0.0,0.0
9S 7D,KC QD,QC 7S,6C 6S,JC 9C,4S KS,3.33,18.5,5.33,41.5,24.33,7.0,0.0,0.0,0.0,0.0,100.0,0.0
7D 7C,KD KH,QH 3S,QD TS,5H 7H,TH TC,4.33,46.67,3.5,8.0,33.0,4.5,0.0,100.0,0.0,0.0,0.0,0.0
5H 8D,2D QS,2C 9S,8S JS,QC KD,6C AD,5.17,1.83,1.83,33.17,49.33,8.67,0.0,0.0,0.0,0.0,100.0,0.0
AC JD,3D 3S,6D QD,6C TH,4C JH,4S 9C,13.0,9.0,54.67,12.33,1.67,9.33,0.0,0.0,0.0,100.0,0.0,0.0
8S AC,KH QD,TS 7D,6H 7S,QH 4S,2C 5C,66.0,14.17,7.33,5.33,1.17,6.0,100.0,0.0,0.0,0.0,0.0,0.0
9S 8H,TC KC,7D 8C,9C QD,KS JC,7S 4H,1.5,23.17,0.67,19.0,51.5,4.17,0.0,0.0,0.0,0.0,100.0,0.0
JS KC,JC 6D,TH 4H,6S 5D,KH 8D,3H 3D,13.0,9.5,12.67,19.17,41.33,4.33,100.0,0.0,0.0,0.0,0.0,0.0
6S TS,2S 4C,6D AS,3S KS,3D KC,5H JC,1.0,8.0,9.33,3.5,1.17,77.0,0.0,0.0,0.0,0.0,0.0,100.0
